Count,BIN,MOP,% of total
6,550167,MC,0.0000024560
6,511386,MC,0.0000024560
6,489147,VI,0.0000024560
5,456423,VI,
5,475134,VI,
5,478405,VI,
5,527759,MC,
5,455783,VI,